{
  "inference": {
    "engine": "imx500",
    "model_dir": "/home/user/ia_carteles_V1",
    "manifest": "manifest.json",
    "input_tensor": {
      "name": "Placeholder.input.uid1:0",
      "width": 544,
      "height": 544
    },
    "output_tensors": {
      "boxes": "transform-3-/MultiClassNMSWithIndices:0",
      "scores": "transform-2-/MultiClassNMSWithIndices:0",
      "classes": "transform-1-/MultiClassNMSWithIndices:0"
    },
    "object_detection": {
      "labels": ["cartel"],
      "num_classes": 1
    }
  },
  "postprocess": {
    "draw_objects": true,
    "threshold": 0.4
  }
}
