{
  "Memory Report": {
    "Name": "best_imx",
    "Runtime Memory Physical Size": "3.15MB",
    "Model Memory Physical Size": "2.66MB",
    "Reserved Memory": "1.00KB",
    "Memory Usage": "5.80MB",
    "Total Memory Available On Chip": "8.00MB",
    "Memory Utilization": "73%",
    "Fit In Chip": true,
    "Input Persistent": false,
    "Networks": [
      {
        "Hash": "best_imx",
        "Name": "best_imx",
        "Runtime Memory Physical Size": "3.15MB",
        "Model Memory Physical Size": "2.66MB",
        "Input Persistence Cost": "0B"
      }
    ]
  }
}